TotalSqFt,Bedrooms,Bathrooms,OverallQuality,YearBuilt,Price
1902,2,2.5,7,1921,520000.0
1414,1,1.0,5,1966,431900.0
3309,4,4.5,7,1955,859700.0
3669,5,4.5,8,2018,1033100.0
1195,1,1.5,5,1918,364100.0
3909,5,4.5,5,1956,810500.0
1856,2,2.5,9,1943,617300.0
3024,4,4.5,7,1997,831200.0
3227,4,4.5,5,1934,747800.0
4013,4,4.5,7,2013,981700.0
3242,4,4.5,5,2024,820000.0
3505,4,4.5,5,1900,719600.0
2268,3,3.5,6,1951,614100.0
3094,4,4.5,2,1984,675100.0
1040,2,2.0,3,1992,329700.0
3784,4,4.5,5,1969,830000.0
2593,3,4.0,4,1936,615900.0
3702,3,4.0,6,1964,879300.0
2307,2,3.0,4,1950,537100.0
2731,2,2.5,3,1900,543400.0
3129,4,4.5,8,1990,912200.0
3295,4,4.5,5,1920,717000.0
1495,1,2.0,6,1952,456800.0
981,2,2.0,3,1915,294800.0
1841,2,2.5,5,2007,558500.0
1729,2,2.5,6,2022,615300.0
3565,5,4.5,4,1960,756500.0
1908,3,3.0,6,1953,604300.0
4028,5,4.5,5,1939,831700.0
2111,2,3.0,5,1925,495800.0
1646,1,2.0,5,1979,502200.0
4069,4,4.5,9,1991,1072300.0
3226,4,4.5,6,1964,797000.0
2445,2,2.5,4,1999,613300.0
3066,4,4.5,7,1973,860900.0
3108,4,4.5,4,1963,740900.0
1935,2,2.5,6,1942,540800.0
3639,4,4.5,2,1916,653400.0
3724,4,4.5,3,2020,835700.0
3201,4,4.5,6,1958,804200.0
1999,2,3.0,7,1922,578200.0
3291,5,4.5,6,1906,748100.0
1317,1,2.0,5,1943,409400.0
1192,1,1.5,5,1952,390700.0
1573,2,2.0,3,1970,418200.0
2338,3,3.5,4,2007,609200.0
3705,5,4.5,5,1978,852600.0
3732,5,4.5,8,1933,895900.0
3478,4,4.5,6,1945,813200.0
2076,3,3.5,3,2008,509600.0
2288,2,3.5,6,1967,614800.0
2213,3,4.0,5,1977,645800.0
3913,5,4.5,4,1977,814400.0
1520,2,2.5,7,1915,500100.0
4151,5,4.5,8,1970,986700.0
3136,3,3.5,7,1995,834100.0
2266,2,3.5,4,1918,513000.0
3276,4,4.5,5,1901,697600.0
2710,3,4.0,6,1909,652500.0
4020,4,4.5,7,1949,888800.0
3802,5,4.5,5,2024,926900.0
2365,2,2.5,5,1980,636900.0
1780,3,3.0,4,2000,527600.0
2727,3,3.5,4,1911,596300.0
4137,4,4.5,7,1969,977100.0
2182,4,4.5,8,1921,666700.0
3119,3,3.5,6,1931,690900.0
3445,5,4.5,8,2004,978300.0
3449,5,4.5,6,1983,841100.0
1495,1,1.5,5,1900,369900.0
3397,5,4.5,6,1953,856300.0
4277,5,4.5,8,2010,1078400.0
1789,2,3.0,6,2016,605900.0
2413,3,4.0,9,1957,723400.0
3414,4,4.5,1,1969,673200.0
1943,3,3.5,7,1982,708400.0
3813,5,4.5,6,1917,859700.0
2577,2,3.5,5,1905,591600.0
1992,3,3.5,6,1944,595700.0
3262,3,4.0,2,1996,667000.0
2436,3,3.5,5,1922,578200.0
2794,4,4.5,6,1922,685100.0
2628,2,3.5,8,1925,684200.0
2879,3,4.5,5,1976,705900.0
1441,1,1.5,4,1906,347700.0
2273,3,4.0,5,1978,621200.0
4308,5,4.5,7,1943,960000.0
2024,3,3.0,6,1926,562000.0
3070,4,4.5,5,1925,703500.0
2376,4,4.0,7,1996,732800.0
3570,4,4.5,6,1978,890700.0
1793,2,2.5,7,1935,544300.0
3859,4,4.5,4,2008,904700.0
2461,2,3.0,5,1954,610200.0
1808,3,2.5,5,1963,513200.0
1020,2,1.0,3,1990,391200.0
1759,1,1.5,6,1956,499400.0
2809,3,4.0,6,1968,660800.0
2261,3,2.5,6,1960,611400.0
3587,4,4.5,5,1901,741000.0
2093,2,2.5,3,1954,525100.0
1846,2,3.0,5,2021,561100.0
2951,3,4.0,5,1996,725900.0
3070,4,4.5,4,1979,751800.0
1601,2,2.5,5,1986,518700.0
1753,2,1.5,6,1937,488300.0
1810,2,3.0,9,2018,670400.0
3459,4,4.5,6,1979,847300.0
3241,4,4.5,6,1977,806200.0
2674,3,4.5,6,1928,654100.0
3183,4,4.0,2,1925,590200.0
3667,5,4.5,6,1934,813700.0
3006,4,4.5,6,1978,751100.0
4455,5,4.5,10,1966,1145300.0
1718,2,2.5,5,1986,544300.0
1586,2,2.5,6,1928,502700.0
2059,3,3.0,6,1933,567500.0
1121,2,2.5,4,1996,422700.0
3144,4,4.5,8,1940,819000.0
4210,5,4.5,7,1940,975800.0
1518,1,1.5,7,1922,418200.0
1316,1,1.0,4,1970,379400.0
2907,3,4.0,8,1902,713400.0
3602,4,4.5,3,1957,767200.0
2348,4,4.0,7,1931,651100.0
3372,5,4.5,10,1930,884400.0
1075,2,2.0,4,1981,405200.0
1545,2,2.5,5,1942,450400.0
4210,4,4.5,6,1906,857300.0
3995,4,4.5,5,2004,882600.0
815,1,1.0,3,1900,218800.0
4105,4,4.5,6,1960,926000.0
2867,3,4.0,4,1913,617800.0
4004,4,4.5,7,1951,917100.0
2314,2,2.5,4,1995,554300.0
3097,4,4.5,8,1905,780400.0
2417,2,3.0,4,2002,617200.0
3101,4,4.5,5,1909,697900.0
1819,3,3.5,7,1970,611300.0
890,1,1.5,3,1989,316200.0
2174,1,2.0,6,1997,545700.0
3664,4,4.5,8,1929,933500.0
1406,2,3.0,3,1999,417800.0
3270,5,4.5,6,1920,717600.0
4160,4,4.5,6,2025,980800.0
1682,2,2.5,7,1959,507000.0
2818,3,3.5,3,1980,608500.0
2131,2,3.0,3,1996,552400.0
4004,6,4.5,7,1973,1007200.0
1781,1,2.5,6,2014,587200.0
3328,4,4.5,6,1962,793500.0
3764,5,4.5,6,2010,918100.0
3784,5,4.5,4,1941,740900.0
3300,4,4.5,6,1950,778000.0
2742,3,4.5,6,1963,704500.0
2804,3,4.0,4,1975,666800.0
4307,5,4.5,9,1955,1100800.0
3112,3,4.0,7,1979,756800.0
1041,2,2.0,4,1940,346100.0
4193,5,4.5,7,1931,893500.0
3019,4,4.5,4,1914,639200.0
3430,4,4.0,7,1961,820800.0
2197,3,3.5,8,1926,610500.0
2927,3,3.5,4,1927,647100.0
2582,2,3.5,7,1980,719600.0
3204,5,4.5,6,1963,818500.0
1720,1,2.0,7,2009,570200.0
3674,4,4.5,9,1958,950600.0
4098,4,4.5,5,2013,961200.0
1095,2,3.0,4,1957,397300.0
3882,3,4.5,4,1901,760900.0
2171,4,4.0,4,2026,624300.0
3862,5,4.5,6,1935,879400.0
3597,4,4.5,6,2013,875800.0
2951,3,3.5,6,1970,685400.0
3615,4,4.5,7,1912,830500.0
3886,5,4.5,6,1914,833000.0
2762,4,4.0,8,1988,765900.0
2081,3,4.0,5,1986,614200.0
3853,5,4.5,10,1959,1002700.0
3824,4,4.5,7,1921,945700.0
3237,4,4.5,4,1962,688900.0
3343,4,4.5,4,1989,734500.0
2707,4,4.5,7,1996,805600.0
3554,5,4.5,5,1974,818900.0
1761,1,2.0,7,1973,576200.0
3033,4,4.5,7,1924,770400.0
1267,2,3.0,6,2000,498800.0
1924,2,3.0,4,1947,460400.0
1899,2,2.5,3,1942,476000.0
2289,3,4.0,5,2016,633300.0
3486,5,4.5,7,1937,860400.0
2416,2,3.0,6,1940,635600.0
2146,3,3.5,3,1944,507000.0
1963,2,3.0,6,1987,588000.0
2370,2,3.5,6,1939,589800.0
1632,2,3.0,4,2009,527600.0
1470,2,2.5,6,2019,473800.0
3060,4,4.0,6,1996,809300.0
2955,4,4.5,4,1916,648400.0
3108,4,4.5,6,1987,792800.0
2790,4,4.5,7,2000,805300.0
2689,3,3.5,8,1956,712400.0
4140,5,4.5,8,1901,879600.0
2357,3,4.5,3,1995,614800.0
2388,3,4.0,4,2020,685000.0
1477,2,2.5,7,2023,538400.0
2424,3,3.5,7,1961,656800.0
2541,3,3.5,7,1987,742900.0
3046,4,4.5,10,1908,854500.0
3141,4,4.5,7,1967,890900.0
3151,3,3.5,8,1980,862500.0
3224,4,4.5,7,1916,800800.0
3695,4,4.5,7,2016,921600.0
3539,4,4.5,5,1949,799600.0
3554,4,4.5,7,2011,953600.0
3817,4,4.5,4,1993,825600.0
1155,1,2.0,5,1939,383200.0
1687,1,2.0,5,1957,477200.0
1273,2,1.5,6,1974,445800.0
3792,4,4.5,10,1984,1036300.0
3344,3,3.5,2,1920,610100.0
2130,3,4.0,7,1917,646300.0
3581,5,4.5,3,1954,733000.0
1281,1,1.5,5,1928,400200.0
4353,5,4.5,8,1923,987300.0
2305,2,2.5,6,1973,635800.0
1254,1,1.0,4,2008,414100.0
2408,3,3.5,4,1916,561200.0
2170,2,3.5,7,1917,614100.0
1805,2,2.0,4,1941,429100.0
2172,1,1.0,6,2011,628400.0
3659,5,4.5,6,1983,875300.0
2717,2,3.5,5,2000,676300.0
2784,3,4.5,10,1944,812600.0
3231,4,4.5,7,1981,850100.0
2798,4,4.5,2,1916,561400.0
2068,2,3.0,6,1972,604900.0
2341,1,1.5,5,1913,519300.0
1766,2,2.5,7,1948,566200.0
1493,3,3.0,4,1928,500600.0
3143,4,4.5,5,1994,777700.0
1944,2,2.5,7,1903,514700.0
2975,3,4.0,7,1981,737500.0
3077,4,4.0,4,2022,723000.0
1421,1,1.5,5,1919,424200.0
2802,4,4.5,5,2019,773300.0
1870,3,3.0,5,2019,561100.0
4589,6,4.5,9,1946,1156600.0
2701,5,4.5,6,2006,779200.0
3218,4,4.5,3,2007,744000.0
3051,3,4.0,7,1908,785300.0
1980,2,2.5,10,1976,737700.0
3449,3,4.5,8,1978,913800.0
3654,4,4.5,3,1926,731000.0
2905,3,4.0,5,1914,673300.0
4008,4,4.5,8,1991,990600.0
3603,4,4.5,4,2000,816000.0
1934,2,3.0,6,2018,635500.0
2036,3,2.5,7,1918,567000.0
2783,3,4.5,4,1989,658400.0
2483,3,3.5,6,1951,644500.0
3020,3,4.5,1,1925,529900.0
3650,4,4.5,4,1988,805100.0
2160,3,3.0,5,1925,499400.0
1511,1,1.5,3,1925,364900.0
4042,4,4.5,9,1945,953100.0
1624,2,2.0,3,1991,442200.0
3568,3,4.5,5,1948,792000.0
2521,2,2.5,6,1981,676600.0
3553,4,4.5,8,1995,952100.0
1087,2,2.0,3,1952,355800.0
3422,4,4.5,8,1902,800300.0
2605,3,3.5,6,1965,705500.0
2710,4,4.5,4,1996,662400.0
1904,2,2.5,7,1941,590900.0
3461,4,4.5,6,1918,796500.0
3688,4,4.5,5,1916,808800.0
1900,2,2.0,6,2007,588700.0
1387,1,2.0,5,1932,389700.0
1321,1,2.5,6,1975,445600.0
3326,4,4.5,7,1948,795000.0
3521,5,4.5,9,1955,896200.0
2440,3,4.0,3,1962,596700.0
2546,4,4.0,10,1902,782500.0
1823,3,4.0,2,2006,522900.0
2883,3,4.0,5,1948,678800.0
2890,4,4.5,7,1954,821000.0
4213,5,4.5,6,1925,897300.0
1509,2,3.0,5,1998,522600.0
3185,4,4.5,5,1971,759300.0
2313,3,4.0,5,1951,598500.0
2385,3,4.0,5,1999,677800.0
3553,4,4.5,7,2016,905000.0
3327,4,4.5,6,2017,839100.0
3924,5,4.5,4,1906,787900.0
1785,1,1.0,7,1945,501300.0
1562,1,1.5,6,1945,467500.0
3573,4,4.5,7,1999,899000.0
3135,3,4.5,7,1915,756300.0
1772,2,2.5,4,1923,426600.0
1338,1,2.0,5,1960,414300.0
1657,2,1.5,7,1953,502000.0
4083,6,4.5,7,1961,983600.0
1826,2,2.0,6,1900,480600.0
2220,3,4.0,6,1948,644500.0
2230,3,3.5,8,1924,676300.0
2165,2,3.0,5,1909,507900.0
1608,3,3.0,7,2017,635500.0
2657,3,4.5,5,1979,687700.0
1303,2,2.5,5,1915,397900.0
3951,4,4.5,8,1957,987500.0
2101,2,2.5,7,1971,633400.0
3020,4,4.5,7,1928,754100.0
4190,5,4.5,8,2002,1055300.0
3203,3,4.5,6,1991,773400.0
2999,3,4.5,7,1905,734300.0
2073,3,4.0,5,1915,503400.0
2249,2,2.5,6,1919,536300.0
3108,5,4.5,5,1979,782500.0
4232,4,4.5,6,1970,868300.0
3386,4,4.5,7,2004,931200.0
2623,3,4.0,4,1977,662400.0
3892,5,4.5,9,1942,933100.0
2346,2,2.5,4,1925,579300.0
1130,1,1.5,4,1989,462200.0
3237,4,4.5,8,1977,868500.0
4273,4,4.5,7,1970,954400.0
1926,3,3.5,7,1932,628200.0
3470,4,4.5,7,1925,814200.0
1853,2,2.5,6,2020,607000.0
2557,2,3.0,4,1944,604100.0
1540,1,2.0,6,1983,502500.0
2301,3,4.5,4,1962,588700.0
3668,6,4.5,7,1966,877600.0
2143,3,3.5,5,1951,559600.0
2945,3,4.5,4,1967,676000.0
3486,4,4.5,5,2024,819700.0
4032,5,4.5,6,1925,846400.0
1804,2,3.0,5,1974,534200.0
2148,2,2.0,4,1901,415800.0
1707,3,4.0,6,1913,496500.0
4227,5,4.5,6,2007,1028100.0
3881,5,4.5,5,1929,814100.0
2720,3,4.0,5,1948,646200.0
3776,4,4.5,6,1911,808200.0
2363,3,3.0,3,1989,562800.0
2671,3,4.5,3,1943,607400.0
1217,1,1.5,4,1932,365000.0
3366,4,4.5,5,1912,718600.0
1633,2,3.0,6,1977,535900.0
4028,6,4.5,8,1987,1048500.0
3746,4,4.5,7,2025,918600.0
3226,3,4.0,5,1997,770200.0
1358,2,2.5,6,2007,526700.0
1859,2,2.0,4,1925,428100.0
2039,3,3.5,6,1920,558400.0
2180,3,3.5,5,1927,534700.0
1513,2,2.5,6,1947,503300.0
3761,5,4.5,4,1999,804800.0
3061,3,4.0,7,1939,786600.0
2467,2,3.0,8,1965,702700.0
2441,3,3.5,6,2005,685500.0
2592,2,3.0,6,1972,641800.0
3202,4,4.5,7,1986,869100.0
2647,4,4.5,5,1978,679500.0
4008,5,4.5,6,1976,891100.0
2741,3,4.0,6,1922,694000.0
4226,4,4.5,6,1980,921100.0
3504,4,4.5,4,2025,817400.0
1876,2,2.0,6,1947,548300.0
4192,5,4.5,7,2023,1030600.0
1899,3,4.0,8,1901,633800.0
3852,5,4.5,7,1983,920300.0
2992,3,4.0,10,1919,823600.0
3584,4,4.5,4,1958,763100.0
4004,5,4.5,7,1945,941800.0
3668,5,4.5,6,1902,836000.0
4220,6,4.5,10,1954,1087100.0
1864,2,2.0,4,1911,431500.0
1193,1,1.5,4,1939,318900.0
2309,2,3.0,5,1965,594500.0
1171,1,1.5,2,1999,341700.0
3185,4,4.5,5,1977,781600.0
1988,3,3.0,4,1915,472500.0
4177,5,4.5,6,1982,943000.0
3173,4,4.5,6,1933,719400.0
4167,5,4.5,9,1943,975000.0
1798,2,2.0,7,2024,665100.0
3686,6,4.5,5,2009,886200.0
3718,3,4.0,4,1905,724500.0
2861,3,4.0,7,1976,744500.0
2619,4,4.5,3,1963,637400.0
3994,5,4.5,9,1999,1065500.0
2075,2,3.0,8,1921,586600.0
2608,3,4.0,5,1917,587200.0
1996,2,2.5,3,1911,413600.0
1989,3,3.5,8,1951,641200.0
2203,1,2.0,5,2022,608000.0
1755,3,4.0,8,2017,681100.0
877,1,1.0,3,1993,364900.0
1505,2,3.0,5,2016,515700.0
4139,5,4.5,6,1950,886200.0
2899,4,4.5,6,2003,785100.0
3997,4,4.5,5,1970,824800.0
2697,3,4.0,7,1995,779900.0
1885,3,4.5,4,1947,529300.0
2618,2,3.0,5,1918,579500.0
2569,3,3.0,6,1905,600300.0
1717,2,2.0,7,1983,591100.0
3322,4,4.5,7,1926,825100.0
1598,2,1.5,4,1952,424400.0
2659,3,3.5,3,2006,648200.0
3501,4,4.5,8,2000,954200.0
1706,3,3.5,6,1947,550100.0
1134,1,1.5,4,1906,311800.0
3892,5,4.5,8,1958,968200.0
2629,2,3.5,6,1968,651200.0
1724,1,1.5,8,1910,510800.0
4235,5,4.5,6,1914,886400.0
1873,3,3.0,9,1963,646500.0
3785,5,4.5,9,1902,882200.0
4051,5,4.5,5,2021,907000.0
2118,2,3.0,7,1968,615900.0
1827,1,2.5,7,1922,547100.0
1914,3,3.0,8,1952,630200.0
1860,3,4.0,4,1936,527600.0
1703,2,3.0,7,1908,544200.0
3626,4,4.5,8,1914,877100.0
987,1,2.0,3,1902,281300.0
2478,3,3.0,4,1992,594700.0
3640,4,4.5,2,1969,764300.0
3542,5,4.5,5,1916,730100.0
3246,4,4.5,7,1925,794500.0
2469,3,3.5,8,1920,701900.0
3122,3,4.5,6,1971,796200.0
3281,4,4.5,9,1920,829800.0
2078,2,3.0,3,2020,544300.0
1192,1,1.5,3,1910,282100.0
3910,5,4.5,6,1937,820400.0
2599,4,4.0,6,1971,708200.0
1834,2,3.0,6,2005,577200.0
1753,1,2.0,2,1987,464200.0
2492,4,4.5,6,2024,765100.0
3283,3,4.0,3,1934,653400.0
3601,5,4.5,7,2018,927600.0
3558,3,4.0,6,1913,773100.0
983,2,3.0,4,2018,434500.0
2348,2,2.5,5,1913,540200.0
2394,3,4.0,4,1909,594900.0
1308,2,2.5,6,1911,398700.0
2179,2,2.5,7,1937,593900.0
3231,4,4.5,4,2007,785100.0
1811,3,3.5,7,2018,641700.0
2706,3,4.0,5,2009,753600.0
1596,2,3.5,4,1933,465200.0
1286,3,2.5,6,1940,441900.0
1674,1,2.0,4,1909,403600.0
4028,6,4.5,5,2021,922000.0
3355,4,4.5,4,1916,677100.0
4579,5,4.5,9,1916,1051500.0
2714,2,3.0,6,1966,709400.0
1279,1,1.5,4,1961,406600.0
2894,4,4.0,6,1994,766300.0
2463,3,4.0,5,2014,706200.0
3633,5,4.5,5,1900,769100.0
1694,1,2.0,7,1911,457500.0
2865,3,4.5,7,2002,797900.0
1550,1,2.0,5,1903,402400.0
2074,3,3.5,5,1941,575800.0
3312,4,4.5,5,1912,707100.0
2078,2,2.5,2,1997,471800.0
1928,1,2.5,3,2005,501600.0
2733,3,4.5,8,1984,781500.0
3078,4,4.5,9,1985,882600.0
3455,4,4.5,5,2020,840800.0
4076,6,4.5,7,1903,896900.0
4116,4,4.5,6,1981,953800.0
4211,5,4.5,10,1968,1122600.0
2496,4,4.5,8,1918,732600.0
3164,3,4.0,5,1901,627900.0
2263,3,3.5,4,1911,507300.0
1564,2,2.5,3,1980,438800.0
3773,4,4.5,6,1973,829300.0
1065,1,1.5,4,1997,372600.0
3505,4,4.5,3,1905,666800.0
2484,3,4.0,5,1907,576600.0
2862,3,4.5,4,2024,726200.0
3678,4,4.5,9,1950,910800.0
4085,4,4.5,7,1910,882900.0
3160,4,4.5,6,1962,785500.0
3392,3,4.5,8,1956,865500.0
1450,2,2.5,6,2026,565100.0
2505,3,4.0,4,1911,573300.0
2001,1,1.5,8,1972,597400.0
3612,4,4.5,7,1901,822800.0
2487,4,3.5,4,1907,538500.0
3141,3,4.5,5,2021,785400.0
1075,1,1.0,4,1910,277800.0
1054,2,2.5,3,2023,446800.0
3549,5,4.5,7,1952,862600.0
1916,2,2.5,9,1999,704300.0
1014,1,1.0,3,1909,277600.0
1436,3,3.0,7,1984,536000.0
3970,6,4.5,5,1983,902200.0
3313,4,4.0,5,2011,826700.0
2160,3,4.0,5,1907,542900.0
1840,2,3.0,4,1935,474500.0
2299,2,2.5,6,1992,623300.0
3274,4,4.5,4,2005,771700.0
3234,4,4.5,6,1975,810000.0
1806,3,3.0,6,2024,604900.0
1622,2,2.0,5,1913,406300.0
1245,1,2.0,4,2011,472300.0
3081,4,4.5,5,1953,744700.0
3693,4,4.5,7,2013,923800.0
2195,2,3.0,7,1984,659500.0
1013,1,1.0,4,1985,330500.0
1497,3,3.5,6,1920,438200.0
4304,6,4.5,7,2007,1064200.0
1686,2,2.5,3,1949,434900.0
3708,4,4.5,7,1993,919400.0
2974,4,4.5,5,1938,707000.0
2546,4,4.5,7,1919,768900.0
1567,2,2.0,4,1987,490500.0
1014,2,2.5,2,1986,328300.0
2645,3,4.5,3,1906,512600.0
3574,5,4.5,6,1908,823000.0
3182,4,4.5,6,1900,747200.0
2541,3,4.0,4,1925,595900.0
1526,2,2.5,7,1937,486700.0
3705,4,4.5,3,1937,736200.0
3646,4,4.5,6,2017,881900.0
1828,1,3.0,4,1960,501400.0
4040,5,4.5,5,1943,881700.0
3056,4,4.5,6,1985,775800.0
2697,3,3.5,4,1943,638100.0
3344,5,4.5,5,1973,796300.0
3985,5,4.5,8,2018,1041300.0
3069,4,4.5,5,1961,702900.0
1784,1,2.0,7,2021,609600.0
1965,2,2.5,4,1905,434300.0
4184,5,4.5,7,1916,935700.0
2224,3,4.0,8,1950,720200.0
1617,2,3.0,1,2013,442200.0
2246,3,3.0,4,1937,514400.0
2718,2,4.0,7,1923,702700.0
2939,3,4.5,5,1950,708000.0
4079,5,4.5,6,1909,917800.0
1822,2,2.0,5,2019,566800.0
1615,2,2.0,6,1971,500500.0
1692,2,2.5,5,1920,477500.0
4211,5,4.5,8,2019,1059000.0
3187,3,4.5,6,1969,784000.0
2108,3,4.0,6,1984,617300.0
3548,4,4.5,5,1956,791200.0
3684,5,4.5,5,2025,888700.0
3640,4,4.5,5,1938,786200.0
4007,3,4.5,6,1987,895800.0
1857,3,4.0,5,1932,535700.0
3515,4,4.5,6,1958,803100.0
3082,3,4.5,9,1917,787700.0
3926,5,4.5,7,1955,942700.0
3285,4,4.5,5,1991,808200.0
3879,5,4.5,8,1956,922200.0
3068,4,4.5,5,2015,741000.0
1182,2,2.5,2,1995,358200.0
2585,2,3.0,4,1975,603500.0
3604,5,4.5,2,1947,728200.0
3912,5,4.5,5,1941,834500.0
1380,1,1.5,6,1926,402100.0
2194,3,2.5,9,1973,707500.0
1645,1,2.0,6,2009,542400.0
3278,4,4.5,5,2020,784800.0
3853,4,4.5,7,1951,866600.0
1291,1,1.0,2,1941,274700.0
2768,2,2.5,6,1931,704900.0
3922,5,4.5,7,2005,993400.0
2998,3,4.0,3,1925,593200.0
3177,5,4.5,8,1924,851800.0
3021,3,4.0,6,1974,741000.0
2625,2,3.0,5,1922,619600.0
2293,2,3.0,7,1997,682000.0
3545,5,4.5,10,1956,959500.0
3317,4,4.5,6,1951,809600.0
3870,4,4.5,6,2003,920600.0
3009,4,4.5,5,2025,798400.0
3233,4,4.5,4,1986,753100.0
1880,3,2.5,7,1992,623800.0
2335,4,4.0,4,1930,589700.0
1278,1,1.5,6,1963,507300.0
1840,1,1.5,5,1970,528500.0
3579,4,4.5,7,2003,917600.0
4225,5,4.5,6,1932,900200.0
1848,2,3.5,8,1984,638000.0
2304,2,3.5,5,1901,507800.0
3500,4,4.5,5,1917,767500.0
1562,2,3.0,4,1946,421800.0
2765,3,4.5,5,1932,648500.0
3449,4,4.5,6,2000,873800.0
3248,4,4.5,7,1997,854300.0
1514,1,1.5,4,1983,426800.0
2466,3,4.0,7,1934,642400.0
3901,5,4.5,8,1950,982500.0
2913,2,2.5,6,2013,719700.0
1716,1,1.5,9,2024,629500.0
3233,3,4.0,4,2017,713400.0
906,1,1.5,3,1917,272400.0
2887,3,4.5,2,2009,642400.0
2157,2,2.5,8,2025,712700.0
4274,4,4.5,7,1987,964500.0
2354,2,3.5,6,1971,660900.0
2231,3,4.5,6,2024,658200.0
1397,2,2.0,4,1929,389500.0
2767,3,4.0,10,1943,820800.0
3880,5,4.5,6,1952,881500.0
4239,5,4.5,6,1909,892000.0
2505,3,3.5,7,1986,737900.0
2746,4,4.5,7,1951,779600.0
3416,5,4.5,6,1948,809300.0
3609,3,4.5,4,1910,689900.0
3179,4,4.5,7,1965,834200.0
2875,4,4.5,9,1957,827300.0
2788,3,4.5,8,1989,841800.0
3787,5,4.5,9,1935,942000.0
1110,2,2.0,5,1932,362000.0
2809,3,4.5,4,1946,648700.0
2166,2,2.5,5,1912,469900.0
3633,5,4.5,6,1939,822500.0
1829,2,2.5,8,1988,617900.0
2565,3,4.0,3,1967,599100.0
2993,4,4.5,8,1941,779000.0
3027,4,4.5,5,1918,667200.0
1295,1,1.5,5,1981,464500.0
2690,4,4.5,4,2000,690700.0
2484,4,4.5,3,1993,648700.0
3082,3,4.5,7,1918,738500.0
3060,4,4.5,6,1957,761900.0
2829,2,2.5,3,1922,552300.0
3215,4,4.5,3,2022,790100.0
1909,3,3.5,5,1953,540900.0
4175,5,4.5,9,1979,1051500.0
2595,4,4.5,5,1964,703100.0
1031,1,2.0,3,1911,282300.0
1276,2,2.5,5,1923,413000.0
2103,2,3.5,5,1933,568300.0
2855,3,4.0,1,1952,537300.0
3373,4,4.5,6,2020,874200.0
3466,4,4.5,5,1907,780500.0
2952,3,4.5,7,1917,756000.0
3021,3,4.5,9,1956,851900.0
1992,3,3.0,8,2011,684700.0
2085,2,2.5,5,1904,480000.0
2252,2,3.0,4,1925,491600.0
2116,4,4.5,10,1929,763700.0
1912,3,3.0,6,1953,599300.0
3045,3,4.0,6,1912,683100.0
3457,4,4.5,6,1982,849500.0
4245,5,4.5,6,1928,909700.0
3899,5,4.5,5,1902,829100.0
3028,4,4.5,5,1989,766300.0
2364,3,3.5,5,2003,653500.0
3159,3,4.0,6,2022,806000.0
3457,4,4.5,5,1957,791700.0
1305,1,1.5,4,2021,439600.0
2480,2,2.5,6,2026,699500.0
3619,4,4.5,5,1975,819900.0
2701,3,3.5,8,1901,686900.0
2216,3,2.5,1,1974,445600.0
3313,5,4.5,8,2007,935300.0
2103,2,3.0,8,1927,617400.0
1737,2,2.5,2,1981,482500.0
2104,3,3.5,5,1976,568200.0
1179,2,1.5,5,2000,463800.0
873,1,2.0,3,1985,340200.0
3445,4,4.5,4,1975,817100.0
1769,2,2.5,4,1901,435900.0
3254,3,4.5,9,2026,953500.0
2296,3,3.5,7,2000,700300.0
4372,6,4.5,8,1906,970300.0
2178,2,2.5,7,1925,594400.0
2239,3,3.5,4,1989,559800.0
3718,5,4.5,5,1987,822900.0
3926,4,4.5,7,1975,959200.0
1508,2,2.5,4,1915,357700.0
3808,6,4.5,7,1922,879100.0
2475,2,3.0,5,1939,562800.0
2549,2,2.5,5,2025,661400.0
1800,2,2.5,7,1959,570800.0
1492,2,2.0,6,1972,523900.0
3284,4,4.5,5,1931,766000.0
3039,4,4.0,8,1914,752900.0
2261,2,3.5,4,2000,586000.0
3589,5,4.5,7,1912,938400.0
3697,4,4.5,7,1904,828300.0
1577,3,2.0,5,1974,473200.0
3081,5,4.5,6,1973,773500.0
1206,1,1.5,3,1951,336700.0
3654,4,4.5,7,1976,887100.0
3071,4,4.5,5,1940,710000.0
3970,4,4.5,5,1952,845900.0
1757,2,3.0,8,2009,644100.0
1121,1,1.0,4,1949,323300.0
1647,1,1.0,3,1914,363200.0
1585,2,2.5,3,2005,472700.0
2141,2,2.5,7,2019,683100.0
3519,4,4.5,3,2026,745500.0
2449,4,4.0,9,1906,718400.0
1466,1,2.0,2,1939,296300.0
3978,5,4.5,9,1927,973000.0
2599,3,4.0,6,1931,673400.0
3580,4,4.5,6,1998,899100.0
1296,2,2.0,5,2026,505800.0
2713,3,4.0,6,1914,673200.0
1351,2,3.0,6,2011,527700.0
1738,3,3.0,8,1999,629900.0
3969,4,4.5,6,1984,979900.0
1668,2,2.5,6,1969,550100.0
2697,3,3.5,5,1964,631800.0
2483,2,2.5,6,1903,534200.0
2292,4,4.5,6,1910,602600.0
3500,5,4.5,3,2007,807700.0
865,1,1.5,3,1925,276500.0
3391,3,4.0,7,1960,770400.0
4140,5,4.5,6,1936,895800.0
2781,4,4.5,5,1922,660300.0
4060,5,4.5,6,1992,882200.0
1407,2,1.5,6,1984,490800.0
2356,3,4.0,5,2011,644300.0
1730,2,2.5,4,2008,472900.0
3442,4,4.5,6,2008,903800.0
3894,3,4.5,4,2012,821300.0
2020,2,3.5,6,1990,598500.0
2763,3,3.0,3,2002,616600.0
2144,3,3.5,8,1939,652700.0
3096,5,4.5,7,1976,873200.0
2642,3,3.5,6,1922,615300.0
4316,5,4.5,7,2022,1035300.0
3526,5,4.5,9,1915,902800.0
2599,3,3.5,8,1993,747300.0
992,1,1.5,2,1960,291000.0
1254,2,3.0,3,2026,471900.0
1776,3,2.5,5,1967,505100.0
2003,2,2.5,6,2003,598800.0
3952,5,4.5,7,1979,940600.0
2634,3,4.5,4,1930,604700.0
2820,4,4.5,6,1952,732000.0
1294,1,1.0,4,2005,437300.0
3680,4,4.5,5,1924,829800.0
2968,3,4.5,3,1943,563900.0
1153,2,2.5,4,1911,348000.0
2924,4,4.5,3,1989,644400.0
2581,2,3.0,4,2000,620300.0
1795,2,2.5,8,2011,665200.0
2325,2,3.0,4,1996,623100.0
3304,3,4.5,10,1991,984200.0
1897,2,3.0,7,1908,571100.0
4087,5,4.5,6,1911,864900.0
3500,6,4.5,4,1968,820100.0
3407,4,4.5,7,1953,880500.0
2487,2,3.5,5,2015,675200.0
2485,3,4.5,6,1953,700700.0
3803,5,4.5,10,1927,988100.0
2886,5,4.5,6,1955,783000.0
1737,1,1.5,8,1998,590400.0
2488,2,2.5,4,1968,563300.0
3669,5,4.5,6,1997,866100.0
3078,4,4.5,9,2009,909100.0
1256,1,1.0,5,1997,438700.0
4059,5,4.5,9,1976,1012200.0
2004,1,2.5,7,2002,619200.0
1876,2,2.5,5,2005,550200.0
1894,2,2.5,7,2008,598900.0
2391,3,3.0,7,2011,742900.0
3670,4,4.5,7,1957,911400.0
2358,3,3.5,3,1977,593900.0
1565,1,1.0,4,1974,426100.0
3733,5,4.5,5,1941,814000.0
3889,4,4.5,6,1937,830500.0
4012,4,4.5,7,1967,948700.0
1966,2,3.0,6,1952,567000.0
2154,3,4.0,3,1932,579800.0
4205,5,4.5,6,1970,968600.0
3716,4,4.5,7,1955,893500.0
1482,2,2.5,7,2004,563500.0
1746,1,2.5,8,1971,613200.0
2792,3,4.0,7,2000,757600.0
4128,5,4.5,7,1950,976800.0
2866,5,4.5,6,1973,734900.0
2293,2,3.0,3,1942,493600.0
1566,3,3.0,6,2020,537000.0
3220,4,4.5,6,1914,759600.0
3716,5,4.5,6,1937,849800.0
1941,3,3.0,3,1914,432900.0
3277,4,4.5,4,1904,652300.0
4443,5,4.5,8,1992,1104200.0
1861,2,3.5,6,1982,582700.0
2970,4,4.5,7,1953,760500.0
2111,3,3.5,6,1950,647600.0
3629,4,4.5,6,1909,778700.0
3133,3,4.0,7,1911,772000.0
3004,3,3.5,5,2017,723400.0
3644,4,4.5,6,1903,782600.0
2288,3,3.5,5,1994,648000.0
3845,5,4.5,5,1917,805200.0
2699,3,4.0,5,1979,690800.0
1724,2,3.5,6,2003,573800.0
3188,4,4.5,5,1935,686700.0
3930,5,4.5,8,1924,968400.0
1900,1,2.5,4,1986,497900.0
3672,4,4.5,5,1975,836000.0
3818,5,4.5,5,1997,896600.0
2381,4,4.5,8,1935,718500.0
4201,5,4.5,6,2000,951600.0
1972,1,1.5,8,1966,626700.0
1406,2,2.0,3,1908,358900.0
1803,2,3.5,6,1960,562200.0
4082,4,4.5,7,1952,938200.0
3213,3,4.5,6,1917,778200.0
2006,2,2.5,8,1942,589500.0
2421,2,2.5,5,1934,578500.0
3396,3,4.5,8,2025,918200.0
2100,3,3.0,10,1962,669500.0
3747,5,4.5,5,2020,842400.0
3511,5,4.5,5,2018,832900.0
3066,3,4.0,8,1997,832100.0
4601,5,4.5,9,2004,1196200.0
2353,3,4.0,5,1977,654400.0
4052,5,4.5,5,1903,840400.0
3104,4,4.5,5,1992,753800.0
2704,3,3.5,3,1940,577900.0
1448,2,2.5,4,2026,557100.0
3596,5,4.5,4,1944,734300.0
2232,3,4.0,4,1949,575900.0
1737,2,2.0,6,1978,578600.0
1288,2,2.5,6,1927,462000.0
3229,4,4.0,8,1941,873700.0
2532,4,4.5,4,1979,656000.0
3558,4,4.5,7,1975,897700.0
3771,4,4.5,5,2015,882700.0
1488,3,3.0,6,1968,536300.0
3594,5,4.5,7,1997,895600.0
1512,2,2.0,4,2005,498600.0
3825,4,4.5,6,1900,820600.0
3707,5,4.5,6,1938,844800.0
3022,4,4.5,7,1995,870500.0
3381,4,4.5,6,1989,830700.0
2793,3,4.5,10,1916,835300.0
2514,4,4.5,5,2011,742200.0
3565,5,4.5,5,2022,890700.0
2478,3,3.5,5,1990,632700.0
2173,3,3.5,5,1987,622500.0
2583,2,3.0,5,1934,647500.0
4035,5,4.5,8,1945,921300.0
2556,4,4.5,8,1941,736800.0
1621,2,2.5,5,2017,570000.0
3086,3,4.0,4,1938,661300.0
3878,4,4.5,7,1989,960800.0
1402,1,1.5,5,1948,453600.0
2120,2,2.5,7,1961,618500.0
1676,2,2.5,6,1937,512800.0
1844,1,2.0,3,1922,406600.0
2901,3,4.5,8,1921,769200.0
3946,5,4.5,9,1903,1002500.0
3053,3,4.5,5,1948,709500.0
2963,4,4.5,5,1958,709900.0
2307,3,4.0,6,1972,682200.0
3774,5,4.5,6,1967,858800.0
2814,3,4.0,7,1970,739700.0
4637,6,4.5,9,1986,1124800.0
3002,3,4.0,5,1901,644300.0
1329,2,1.5,4,1948,386700.0
2829,3,4.0,3,1987,663200.0
1925,3,4.5,4,2003,576600.0
3309,3,4.0,6,2018,854600.0
1909,2,2.5,9,2025,723000.0
1625,2,2.5,5,1994,503300.0
3817,4,4.5,6,2010,937700.0
1932,3,4.0,6,1930,588600.0
4061,4,4.5,8,2010,978200.0
2688,4,4.5,10,1939,828600.0
3029,3,4.5,5,1947,694300.0
3182,4,4.5,5,1950,772700.0
3088,4,4.5,8,1942,805600.0
2316,2,3.5,7,1997,658700.0
2338,3,4.0,9,1954,733100.0
1500,2,2.0,7,1987,519500.0
2012,2,3.0,5,1948,557400.0
3359,3,4.5,7,2023,870200.0
4365,4,4.5,8,1989,1045300.0
4014,5,4.5,7,1979,998600.0
3698,3,4.5,7,1956,901500.0
3915,5,4.5,8,2010,1023300.0
3545,4,4.5,8,1976,912900.0
2331,3,3.0,8,1914,656200.0
4122,5,4.5,7,1926,941900.0
3112,3,4.0,5,1967,703300.0
2931,4,4.5,6,1979,787900.0
1883,2,3.0,8,1963,591600.0
2291,3,3.5,4,1993,619200.0
2631,3,4.5,6,2007,714800.0
3694,3,4.5,5,1929,827100.0
2890,4,4.5,6,1935,738400.0
2691,4,4.5,8,1966,745600.0
4180,4,4.5,6,1985,942200.0
1582,2,3.0,6,2012,554500.0
2068,2,3.5,3,1985,513300.0
1526,2,3.0,7,2013,591900.0
3620,4,4.5,7,2020,910800.0
4604,6,4.5,10,2013,1218000.0
1940,3,3.0,5,2018,620800.0
3825,4,4.5,6,2023,938800.0
2127,3,4.0,6,1948,608400.0
4432,6,4.5,9,1975,1116000.0
3512,4,4.5,6,1954,841700.0
3665,5,4.5,6,1984,892600.0
1454,3,2.5,7,1955,491300.0
4138,5,4.5,6,1967,909700.0
3280,4,4.5,5,1994,788200.0
2164,3,3.5,6,1943,563300.0
4038,5,4.5,8,1930,958500.0
1795,2,3.0,4,1957,523000.0
3868,4,4.5,6,1986,932000.0
1288,2,2.5,4,2017,488800.0
3661,4,4.5,8,1952,928100.0
2422,4,4.0,3,1983,656200.0
1390,2,2.5,5,1978,494400.0
1976,1,1.0,6,1922,512800.0
1737,2,3.0,9,1927,556100.0
2656,2,3.0,6,1915,654800.0
2004,3,4.5,5,1936,570700.0
3495,5,4.5,9,1920,898000.0
1692,2,2.5,3,1978,449300.0
1550,2,2.5,2,1916,339600.0
3480,5,4.5,6,2013,915000.0
1244,1,2.0,5,1936,394300.0
3659,4,4.5,4,1976,780400.0
3957,6,4.5,7,1918,884800.0
3253,5,4.5,6,1929,777200.0
2880,3,4.5,5,1944,675400.0
3477,5,4.5,3,1917,674800.0
1956,3,4.0,7,1977,607500.0
1637,1,1.5,7,1961,541300.0
1969,2,2.0,6,1935,525600.0
4084,6,4.5,9,1999,1044200.0
1054,2,2.0,4,1983,392000.0
2548,3,3.0,3,1951,572000.0
3936,4,4.5,4,1918,774600.0
3817,6,4.5,6,2008,939500.0
2814,3,4.0,6,1943,698600.0
1291,1,1.5,5,1906,331800.0
3744,5,4.5,6,2020,949900.0
2597,4,4.5,3,1943,551100.0
1895,3,3.0,8,2016,692700.0
1532,2,2.0,6,1967,515400.0
4279,5,4.5,8,2022,1069300.0
3258,4,4.5,6,1933,776300.0
3888,5,4.5,7,1965,922200.0
4037,3,4.5,7,1968,941900.0
3115,3,4.0,7,1954,806700.0
2952,4,4.0,7,1909,706600.0
2841,3,4.0,8,1995,831400.0
2201,3,4.0,6,1941,654600.0
2704,3,3.5,7,1940,708800.0
3572,5,4.5,6,1976,848400.0
3356,5,4.5,8,2002,980400.0
3628,4,4.5,4,1968,783800.0
3030,3,4.0,9,2021,904600.0
3071,4,4.5,6,1909,725500.0
2694,3,3.0,3,1909,547800.0
3025,4,4.5,6,2001,791900.0
3058,3,4.5,4,1990,723700.0
2112,2,3.0,7,1959,642500.0
2637,3,4.0,5,1950,639600.0
1413,2,2.5,5,1920,410700.0
1804,2,2.5,2,1907,368400.0
2563,4,4.0,5,1964,635000.0
2457,3,4.0,1,1991,524500.0
3652,4,4.5,3,2012,773600.0
3202,4,4.5,7,2002,858600.0
3631,4,4.5,7,1977,915600.0
2769,4,4.5,6,1984,785700.0
2852,3,4.5,4,1929,635900.0
1463,2,2.0,6,1984,518200.0
2013,2,3.0,6,1948,571500.0
2036,2,2.5,4,1908,410900.0
2967,3,4.0,8,1916,728800.0
1537,1,1.5,7,1968,529000.0
1520,1,1.0,5,1957,455000.0
2080,2,3.0,6,1956,603000.0
4165,5,4.5,6,1961,922900.0
1644,2,2.0,2,1994,380000.0
2546,3,3.0,5,1951,594100.0
1538,2,2.5,4,1960,426500.0
2782,4,4.5,4,1939,660600.0
1942,2,2.5,5,1937,498500.0
2321,2,2.5,9,1942,725200.0
2950,3,3.5,7,1962,794100.0
1117,1,1.5,5,1918,393900.0
1423,1,1.5,7,1999,500600.0
